Restaurant ID,Restaurant Name,Country Code,City,Address,Locality,Locality Verbose,Longitude,Latitude,Cuisines,Average Cost for two,Currency,Has Table booking,Has Online delivery,Is delivering now,Switch to order menu,Price range,Aggregate rating,Rating color,Rating text,Votes
17258154,Court Avenue Brewing Company,216,Des Moines,"309 Court Ave, Des Moines, IA 50309",Downtown,"Downtown, Des Moines",-93.620726,41.58536,"American, Pizza, Bar Food",40,Dollar($),No,No,No,No,3,4.2,Green,Very Good,370
17259340,Django,216,Des Moines,"210 10th Street, Des Moines, IA 50309",Downtown,"Downtown, Des Moines",-93.629436,41.584027,French,40,Dollar($),No,No,No,No,3,4.3,Green,Very Good,532
17259243,Miyabi 9,216,Des Moines,"512 E Grand Ave, Des Moines, IA 50309",East Village,"East Village, Des Moines",-93.611366,41.590819,"Japanese, Sushi",25,Dollar($),No,No,No,No,2,4.8,Dark Green,Excellent,860
17259625,Zombie Burger + Drink Lab,216,Des Moines,"300 E. Grand Ave., Des Moines, IA 50309",East Village,"East Village, Des Moines",-93.61474,41.590106,"Burger, Desserts, Vegetarian",10,Dollar($),No,No,No,No,1,4.2,Green,Very Good,943
17259169,Tursi's Latin King,216,Des Moines,"2200 Hubbell Ave, Des Moines, IA 50317",Fairground,"Fairground, Des Moines",-93.577383,41.601415,"American, Italian",70,Dollar($),No,No,No,No,4,4.1,Green,Very Good,476
17259166,Tsing Tsao South,216,Des Moines,"4230 Fleur Dr, Des Moines, IA 50321",Greater South Side,"Greater South Side, Des Moines",-93.645245,41.545869,Chinese,10,Dollar($),No,No,No,No,1,4.1,Green,Very Good,218
17259335,Bandit Burrito,216,Des Moines,"5340 Merle Hay Road, Johnston, IA 50131",Johnston,"Johnston, Des Moines",-93.6976773,41.6714654,"Breakfast, Mexican, Southwestern",10,Dollar($),No,No,No,No,1,4,Green,Very Good,214
17259248,Jethro's BBQ,216,Des Moines,"3100 Forest Ave, Des Moines, IA 50311",Kingman Place Historic District,"Kingman Place Historic District, Des Moines",-93.659797,41.603901,"American, BBQ",25,Dollar($),No,No,No,No,2,4.3,Green,Very Good,699
17258552,The Machine Shed Restaurant,216,Des Moines,"11151 Hickman Road, Urbandale, IA 50322",Urbandale,"Urbandale, Des Moines",-93.772033,41.615083,"American, Breakfast",25,Dollar($),No,No,No,No,2,3.8,Yellow,Good,308
17259550,Mi Patria,216,Des Moines,"1410 22nd St., West Des Moines, IA 50266",West Des Moines,"West Des Moines, Des Moines",-93.73624,41.594039,Latin American,25,Dollar($),No,No,No,No,2,4,Green,Very Good,157
17259200,Waterfront Seafood Market,216,Des Moines,"2900 University Ave, West Des Moines, IA 50266",West Des Moines,"West Des Moines, Des Moines",-93.7441981,41.5991771,"Seafood, Sushi",40,Dollar($),No,No,No,No,3,4.2,Green,Very Good,530
16615894,The Giggling Goat,14,Dicky Beach,"14 Beerburrum St, Dicky Beach, QLD",Dicky Beach,"Dicky Beach, Dicky Beach",153.137401,-26.783576,"Coffee and Tea, Tea, Modern Australian",7,Dollar($),No,No,No,No,1,3.6,Yellow,Good,29
17342816,Burnt Toast Cafe,216,Dubuque,"1220 Iowa St, Dubuque, IA 52001",Dubuque,"Dubuque, Dubuque",-90.667668,42.504759,Breakfast,10,Dollar($),No,No,No,No,1,3.4,Orange,Average,33
17342498,Catfish Charlie's,216,Dubuque,"1630 E 16th St, Dubuque, IA 52001",Dubuque,"Dubuque, Dubuque",-90.6499328,42.5124724,Seafood,25,Dollar($),No,No,No,No,2,3.3,Orange,Average,40
17342648,Salsa's Mexican Restaurant,216,Dubuque,"1091 Main St, Dubuque, IA 52001",Dubuque,"Dubuque, Dubuque",-90.6684746,42.5032004,Mexican,10,Dollar($),No,No,No,No,1,3.4,Orange,Average,153
17342781,Tony Roma's,216,Dubuque,"350 Bell St, Dubuque, IA 52001",Dubuque,"Dubuque, Dubuque",-90.658609,42.496464,"American, BBQ, Seafood",25,Dollar($),No,No,No,No,2,3.3,Orange,Average,65
17342799,Vinny Vanucchi's,216,Dubuque,"180 Main Street, Dubuque, IA 52001",Dubuque,"Dubuque, Dubuque",-90.664029,42.495689,Italian,25,Dollar($),No,No,No,No,2,3.4,Orange,Average,58
17342772,Champps Americana,216,Dubuque,"3100 Dodge St., Dubuque, IA 52003",Dubuque,"Dubuque, Dubuque",-90.715247,42.492018,"American, Burger, Sandwich",25,Dollar($),No,No,No,No,2,3.5,Yellow,Good,100
17342771,Fiesta Cancun,216,Dubuque,"2515 NW Arterial, Dubuque, IA 52002",Dubuque,"Dubuque, Dubuque",-90.740213,42.49092,Mexican,10,Dollar($),No,No,No,No,1,3.6,Yellow,Good,156
17342548,Happy Joe's Pizza & Ice Cream,216,Dubuque,"855 Century Dr, Dubuque, IA 52002",Dubuque,"Dubuque, Dubuque",-90.7264,42.4955,"Desserts, Pizza, Ice Cream",0,Dollar($),No,No,No,No,1,3.5,Yellow,Good,74
17342556,Houlihan's,216,Dubuque,"1795 Greyhound Park Rd, Dubuque, IA 52001",Dubuque,"Dubuque, Dubuque",-90.645294,42.516621,"American, Burger",25,Dollar($),No,No,No,No,2,3.6,Yellow,Good,117
17342811,Ichiban Hibachi Steakhouse & Sushi Bar,216,Dubuque,"3187 University Ave, Dubuque, IA 52001",Dubuque,"Dubuque, Dubuque",-90.712084,42.492963,"Japanese, Steak, Sushi",40,Dollar($),No,No,No,No,3,3.7,Yellow,Good,83
17342576,Kalmes Breaktime Bar & Grill,216,Dubuque,"1097 Jackson St, Dubuque, IA 52001",Dubuque,"Dubuque, Dubuque",-90.6646,42.5043,"American, Burger",25,Dollar($),No,No,No,No,2,3.6,Yellow,Good,48
17342770,L. May Eatery,216,Dubuque,"1072 Main St, Dubuque, IA 52001",Dubuque,"Dubuque, Dubuque",-90.668164,42.503075,"International, Pizza",40,Dollar($),No,No,No,No,3,3.8,Yellow,Good,198
17342585,Los Aztecas,216,Dubuque,"2700 Dodge St, Dubuque, IA 52003",Dubuque,"Dubuque, Dubuque",-90.7055,42.4916,Mexican,10,Dollar($),No,No,No,No,1,3.5,Yellow,Good,126
17342494,Manna Java World Cafe,216,Dubuque,"700 Locust St, Dubuque, IA 52001",Dubuque,"Dubuque, Dubuque",-90.6677349,42.500191,"Breakfast, Pizza",10,Dollar($),No,No,No,No,1,3.5,Yellow,Good,119
17342594,Mario's Italian Restaurant,216,Dubuque,"1298 Main St, Dubuque, IA 52001",Dubuque,"Dubuque, Dubuque",-90.6691,42.5048,"American, Italian",25,Dollar($),No,No,No,No,2,3.6,Yellow,Good,140
17342625,Pepper Sprout Incorporated,216,Dubuque,"378 Main St, Dubuque, IA 52001",Dubuque,"Dubuque, Dubuque",-90.6651,42.4974,American,40,Dollar($),No,No,No,No,3,3.6,Yellow,Good,159
17342652,Shot Tower Inn,216,Dubuque,"290 Locust St, Dubuque, IA 52001",Dubuque,"Dubuque, Dubuque",-90.6658,42.4963,"Italian, Pizza",25,Dollar($),No,No,No,No,2,3.6,Yellow,Good,131
17342665,Sunshine Family Restaurant,216,Dubuque,"401 Central Ave, Dubuque, IA 52001",Dubuque,"Dubuque, Dubuque",-90.663686,42.4982789,"American, Breakfast, Burger",10,Dollar($),No,No,No,No,1,3.5,Yellow,Good,60
17342810,Watershed Cafe,216,Dubuque,"51 W 32nd Street, Dubuque, IA 52001",Dubuque,"Dubuque, Dubuque",-90.684882,42.527556,"American, Burger, Pizza, Cafe",25,Dollar($),No,No,No,No,2,3.7,Yellow,Good,89
17342775,Woodfire Grille,216,Dubuque,"301 Bell Street, Dubuque, IA 52001",Dubuque,"Dubuque, Dubuque",-90.658988,42.496378,"American, Seafood, Steak",70,Dollar($),No,No,No,No,4,3.6,Yellow,Good,72
16612028,The Belle General,14,East Ballina,"12 Shelly Beach Rd, East Ballina, NSW",East Ballina,"East Ballina, East Ballina",153.593331,-28.862663,Cafe,20,Dollar($),No,No,No,No,2,4.1,Green,Very Good,56
17536645,Jehova es Mi Pastor Tacos y Burritos,216,Fernley,"135 W. Main Street, Fernley, NV 89408",Fernley,"Fernley, Fernley",-119.252694,39.607515,Mexican,10,Dollar($),No,No,No,No,1,3.7,Yellow,Good,83
16613507,Flaxton Gardens,14,Flaxton,"313 Flaxton Drive, Flaxton, QLD",Flaxton,"Flaxton, Flaxton",152.8771473,-26.6521332,"Tea, Modern Australian",30,Dollar($),No,No,No,No,3,3.5,Yellow,Good,37
16607969,Bespoke Harvest,14,Forrest,"16 Grant St, Forrest, VIC",Forrest,"Forrest, Forrest",143.714315,-38.517292,"Cafe, Australian",20,Dollar($),No,No,No,No,2,3.7,Yellow,Good,29
17374405,Houndstooth Grill & Tavern,216,Gainesville,"6323 Grand Hickory Dr Ste 200A, Braselton, GA 30517",Braselton,"Braselton, Gainesville",-83.8461,34.0901,"American, Sandwich, Seafood",25,Dollar($),No,No,No,No,2,4.4,Green,Very Good,239
17375060,Hawg Wild BBQ & Catfish House,216,Gainesville,"515 Grant Street, Clarkesville, GA 30523",Clarkesville,"Clarkesville, Gainesville",-83.520693,34.61802,"BBQ, Burger, Seafood",10,Dollar($),No,No,No,No,1,4.1,Green,Very Good,235
17375164,Bourbon Street Grille,216,Gainesville,"90 Public Sq N, Dahlonega, GA 30533",Dahlonega,"Dahlonega, Gainesville",-83.985353,34.532973,"American, Burger, Cajun",25,Dollar($),No,No,No,No,2,3.8,Yellow,Good,88
17374552,Corkscrew Cafe,216,Gainesville,"51 W Main St, Dahlonega, GA 30533",Dahlonega,"Dahlonega, Gainesville",-83.9858,34.5318,,40,Dollar($),No,No,No,No,3,3.9,Yellow,Good,209
17375078,Smokin Gold BBQ,216,Gainesville,"59 E Main St, Dahlonega, GA 30533",Dahlonega,"Dahlonega, Gainesville",-83.983939,34.533626,BBQ,10,Dollar($),No,No,No,No,1,3.9,Yellow,Good,133
17375049,Hoka-Hoka Japanese Steak & Sushi,216,Gainesville,"617 North Grove Street, Dahlonega, GA 30533",Dahlonega,"Dahlonega, Gainesville",-83.989317,34.541044,"Chinese, Japanese, Thai",10,Dollar($),No,No,No,No,1,4.4,Green,Very Good,267
17375077,Shenanigan's Irish Pub,216,Gainesville,"87 N. Chestatee St., Dahlonega, GA 30533",Dahlonega,"Dahlonega, Gainesville",-83.986119,34.533198,"Bar Food, Seafood, Vegetarian",25,Dollar($),No,No,No,No,2,4.1,Green,Very Good,171
17375141,Fish Tales Lakeside Grille,216,Gainesville,"6330 Mitchell Street, Flowery Branch, GA 30542",Flowery Branch,"Flowery Branch, Gainesville",-83.938024,34.183573,Seafood,25,Dollar($),No,No,No,No,2,3.8,Yellow,Good,107
17375198,Antebellum,216,Gainesville,"5510 Church Street, Flowery Branch, GA 30542",Flowery Branch,"Flowery Branch, Gainesville",-83.926217,34.185707,"American, Southern",40,Dollar($),No,No,No,No,3,4.3,Green,Very Good,164
17375180,Moonie's Texas Barbecue,216,Gainesville,"5545 Atlanta Highway, Flowery Branch, GA 30542",Flowery Branch,"Flowery Branch, Gainesville",-83.927794,34.180043,"BBQ, Sandwich",10,Dollar($),No,No,No,No,1,4.1,Green,Very Good,182
17375072,Atlanta Highway Seafood Market,216,Gainesville,"227 Atlanta Highway Suite 900, Gainesville, GA 30501",Gainesville,"Gainesville, Gainesville",-83.838457,34.285102,"Sandwich, Seafood, Cajun",25,Dollar($),No,No,No,No,2,4.9,Dark Green,Excellent,681
17375047,Eat at Thai,216,Gainesville,"975 Dawsonville Hwy, Gainesville, GA 30501",Gainesville,"Gainesville, Gainesville",-83.857993,34.300182,Thai,10,Dollar($),No,No,No,No,1,4.6,Dark Green,Excellent,357
17375074,Smoke House BBQ and Catering,216,Gainesville,"3205 Atlanta Hwy, Atlanta Highway, Gainesville, GA, Gainesville, GA 30507",Gainesville,"Gainesville, Gainesville",-83.860098,34.222755,BBQ,25,Dollar($),No,No,No,No,2,3.8,Yellow,Good,89
17374921,2 Dog,216,Gainesville,"317 Spring St SE, Gainesville, GA 30501",Gainesville,"Gainesville, Gainesville",-83.824023,34.300567,"American, European, Sandwich",25,Dollar($),No,No,No,No,2,4.2,Green,Very Good,350
17374819,Longstreet Cafe,216,Gainesville,"1043 Riverside Terrace, Gainesville, GA 30501",Gainesville,"Gainesville, Gainesville",-83.8272,34.3166,Southern,10,Dollar($),No,No,No,No,1,4.3,Green,Very Good,298
17375089,Re-Cess,216,Gainesville,"118 Bradford St NE, Gainesville, GA 30501",Gainesville,"Gainesville, Gainesville",-83.82686,34.300332,"American, Southern",25,Dollar($),No,No,No,No,2,4.2,Green,Very Good,319
17375214,Bodensee,216,Gainesville,"64 Munich Strasse, Helen, GA 30545",Helen,"Helen, Gainesville",-83.727741,34.701594,German,40,Dollar($),No,No,No,No,3,3.8,Yellow,Good,114
17374951,Hofer's Bakery & Cafe,216,Gainesville,"8758 N Main St, Helen, GA 30545",Helen,"Helen, Gainesville",-83.7345,34.7024,"German, Ice Cream",10,Dollar($),No,No,No,No,1,3.9,Yellow,Good,136
17374978,Troll Tavern,216,Gainesville,"8590 N Main St Ste B, Helen, GA 30545",Helen,"Helen, Gainesville",-83.7334,34.7021,"Burger, German, Sandwich",25,Dollar($),No,No,No,No,2,2.2,Red,Poor,108
17375104,The Nacoochee Village Tavern & Pizzeria,216,Gainesville,"7275 S Main St., Helen, GA 30545",Helen,"Helen, Gainesville",-83.713498,34.691208,"Italian, Pizza, Sandwich",10,Dollar($),No,No,No,No,1,4,Green,Very Good,161
16604358,Blue Bean Love Cafe,14,Hepburn Springs,"115 Main Rd, Hepburn Springs, Hepburn Springs, VIC",Hepburn Springs,"Hepburn Springs, Hepburn Springs",144.1387014,-37.3123267,"Cafe, Coffee and Tea, Modern Australian",20,Dollar($),No,No,No,No,2,3.8,Yellow,Good,192
16604896,La Trattoria of Lavandula,14,Hepburn Springs,"350 Hepburn-Newstead Road, Hepburn Springs, VIC",Hepburn Springs,"Hepburn Springs, Hepburn Springs",144.110062,-37.275494,"Italian, Fusion, Cafe",7,Dollar($),No,No,No,No,1,3.8,Yellow,Good,93
16612550,5 Little Pigs,14,Huskisson,"64 Owen St, Huskisson, NSW",Huskisson,"Huskisson, Huskisson",150.6710743,-35.0388698,"Breakfast, Modern Australian",20,Dollar($),No,No,No,No,2,4.1,Green,Very Good,40
16606299,Beach Box Cafe,14,Inverloch,"6a Ramsay Blvd, Inverloch, VIC",Inverloch,"Inverloch, Inverloch",145.7287133,-38.6347458,"Burger, Coffee and Tea, Modern Australian",7,Dollar($),No,No,No,No,1,3.7,Yellow,Good,100
16605794,Funkey Monkey,14,Lakes Entrance,"26 Myer street, Lakes Entrance, VIC",Lakes Entrance,"Lakes Entrance, Lakes Entrance",147.9942247,-37.8783865,"Breakfast, Coffee and Tea",7,Dollar($),No,No,No,No,1,3.8,Yellow,Good,97
17557488,Burger Queen Drive In,216,Lakeview,"109 S F St, Lakeview, OR 97630",Lakeview,"Lakeview, Lakeview",-120.3458,42.1885,"Burger, Desserts, Sandwich",10,Dollar($),No,No,No,No,1,3.6,Yellow,Good,41
17452342,Blue Orchid Thai Restaurant,216,Lincoln,"129 N 10th St, Lincoln, NE 68508",Haymarket,"Haymarket, Lincoln",-96.7072,40.8143,Thai,25,Dollar($),No,No,No,No,2,4.5,Dark Green,Excellent,799
16611498,Stillwater on Belmore,14,Lorn,"27 Belmore Rd,, Lorn, NSW",Lorn,"Lorn, Lorn",151.558475,-32.728097,"Breakfast, Coffee and Tea",20,Dollar($),No,No,No,No,2,3.6,Yellow,Good,18
17842104,Mr.,14,Macedon,"23 Victoria St, Macedon, VIC",Macedon,"Macedon, Macedon",144.564174,-37.423189,Cafe,20,Dollar($),No,No,No,No,2,3.5,Yellow,Good,31
17501291,Emilio's Cuban Cafe,216,Macon,"402 Ga. Highway 247, Bonaire, GA 31005",Bonaire,"Bonaire, Macon",-83.594494,32.567741,"Coffee and Tea, Cuban, Latin American",25,Dollar($),No,No,No,No,2,3.9,Yellow,Good,146
17500759,Ingleside Village Pizza,216,Macon,"2395 Ingleside Ave, Macon, GA 31204",Macon,"Macon, Macon",-83.657061,32.853896,"Pizza, Sandwich",10,Dollar($),No,No,No,No,1,4.9,Dark Green,Excellent,478
17500767,Jim Shaw's Seafood Grill & Bar,216,Macon,"3040 Vineville Ave, Macon, GA 31204",Macon,"Macon, Macon",-83.6737,32.8496,Seafood,25,Dollar($),No,No,No,No,2,4.6,Dark Green,Excellent,467
17500819,Mandarin Chinese Restaurant,216,Macon,"3086 Riverside Dr, Macon, GA 31210",Macon,"Macon, Macon",-83.6766,32.8899,"Chinese, Thai",25,Dollar($),No,No,No,No,2,4.5,Dark Green,Excellent,302
17500911,Rookery,216,Macon,"543 Cherry St, Macon, GA 31201",Macon,"Macon, Macon",-83.6279,32.8361,"Burger, Desserts, Bar Food",25,Dollar($),No,No,No,No,2,4.5,Dark Green,Excellent,289
17501439,Dovetail,216,Macon,"543 Cherry St, Macon, GA 31201",Macon,"Macon, Macon",-83.627979,32.83641,,40,Dollar($),No,No,No,No,3,3.8,Yellow,Good,102
17501279,Bonefish Grill,216,Macon,"5080 Riverside Dr, Macon, GA 31210",Macon,"Macon, Macon",-83.713978,32.929278,"American, Seafood",40,Dollar($),No,No,No,No,3,4.1,Green,Very Good,293
17500695,Downtown Grill,216,Macon,"562 Mulberry St, Macon, GA 31201",Macon,"Macon, Macon",-83.6276,32.8375,Steak,70,Dollar($),No,No,No,No,4,4,Green,Very Good,195
17501298,Greek Corner Deli,216,Macon,"587 Cherry St, Macon, GA 31201",Macon,"Macon, Macon",-83.628703,32.83654,"Desserts, Greek, Sandwich",10,Dollar($),No,No,No,No,1,4.3,Green,Very Good,244
17500847,Natalia's,216,Macon,"201 North Macon St., Macon, GA 31210",Macon,"Macon, Macon",-83.787993,32.928495,"European, Italian, Mediterranean",70,Dollar($),No,No,No,No,4,4.2,Green,Very Good,379
17500872,Papouli's Mediterranean Cafe & Market,216,Macon,"121 Tom Hill Sr Blvd, Macon, GA 31210",Macon,"Macon, Macon",-83.6873,32.901,"Greek, Mediterranean, Vegetarian",10,Dollar($),No,No,No,No,1,4.2,Green,Very Good,223
17501315,Benson's Steak and Sushi,216,Macon,"1289 S Houston Lake Rd, Warner Robins, GA 31088",Warner Robins,"Warner Robins, Macon",-83.662421,32.556873,"American, Chinese, Sushi",25,Dollar($),No,No,No,No,2,3.7,Yellow,Good,243
17501201,My Fathers Place,216,Macon,"2507 Moody Rd, Warner Robins, GA 31088",Warner Robins,"Warner Robins, Macon",-83.624,32.5786,Italian,25,Dollar($),No,No,No,No,2,3.7,Yellow,Good,104
17501247,Sushi Thai Restaurant,216,Macon,"2624 Watson Blvd Ste D, Warner Robins, GA 31093",Warner Robins,"Warner Robins, Macon",-83.6665,32.6184,"Japanese, Sushi, Thai",10,Dollar($),No,No,No,No,1,3.7,Yellow,Good,153
17501281,The Mellow Mushroom,216,Macon,"710 Lake Joy Road, Warner Robins, GA 31088",Warner Robins,"Warner Robins, Macon",-83.691044,32.552684,"Pizza, Sandwich, Vegetarian",25,Dollar($),No,No,No,No,2,3.8,Yellow,Good,323
17501143,El Jalisciense Mexican Restaurant,216,Macon,"1224 Russell Pkwy, Warner Robins, GA 31088",Warner Robins,"Warner Robins, Macon",-83.64935,32.594666,Mexican,10,Dollar($),No,No,No,No,1,4.1,Green,Very Good,181
17501292,Greek Village,216,Macon,"1801 Watson Blvd, Warner Robins, GA 31093",Warner Robins,"Warner Robins, Macon",-83.636618,32.6176839,"American, Greek, Seafood",25,Dollar($),No,No,No,No,2,4,Green,Very Good,316
17501308,Martin's BBQ,216,Macon,"102 S Armed Forces Boulevard, Warner Robins, GA 31088",Warner Robins,"Warner Robins, Macon",-83.600201,32.619321,BBQ,25,Dollar($),No,No,No,No,2,4.2,Green,Very Good,288
17501301,Thai Pepper,216,Macon,"1806 Russell Parkway, Warner Robins, GA 31088",Warner Robins,"Warner Robins, Macon",-83.665557,32.593264,"Japanese, Sushi, Thai",10,Dollar($),No,No,No,No,1,4,Green,Very Good,232
17501268,Zen Japanese Steakhouse and Sushi Bar,216,Macon,"4086 Watson Blvd, Warner Robins, GA 31093",Warner Robins,"Warner Robins, Macon",-83.7184,32.6147,"Japanese, Steak, Sushi",40,Dollar($),No,No,No,No,3,4.1,Green,Very Good,314
16611701,Star Buffet,14,Mayfield,"58 Hanbury St, Mayfield, NSW",Mayfield,"Mayfield, Mayfield",151.7343832,-32.899178,Asian,20,Dollar($),No,No,No,No,2,2.9,Orange,Average,11
17482142,Triangle Restaurant,216,Mc Millan,"21053 State Hwy M28, Mc Millan, MI 49853",Mc Millan,"Mc Millan, Mc Millan",-85.7363,46.3718,"Breakfast, Burger",10,Dollar($),No,No,No,No,1,2.4,Red,Poor,17
16609169,Three Anchors,14,Middleton Beach,"2 Flinders Pde, Middleton Beach, WA",Middleton Beach,"Middleton Beach, Middleton Beach",117.917166,-35.025861,"Bar Food, Modern Australian",30,Dollar($),No,No,No,No,3,3.8,Yellow,Good,176
17606621,HI Lite Bar & Lounge,216,Miller,"109 N Broadway Ave, Miller, SD 57362",Miller,"Miller, Miller",-98.9891,44.5158,,0,Dollar($),No,No,No,No,1,3.4,Orange,Average,11
17687832,Vince's Restaurant & Pizzeria,216,Monroe,"619 4th Ave, Monroe, WI 53566",Monroe,"Monroe, Monroe",-89.653487,42.606306,"Italian, Pizza",25,Dollar($),No,No,No,No,2,3.6,Yellow,Good,65
16613059,Poets Cafe,14,Montville,"167 Main St, Montville, QLD",Montville,"Montville, Montville",152.893735,-26.690462,"Coffee and Tea, Modern Australian",30,Dollar($),No,No,No,No,3,2.4,Red,Poor,193
17534788,The Artesian Restaurant,216,Ojo Caliente,"Ojo Caliente Mineral Springs Resort And Spa 50 Los Banos Rd, Ojo Caliente, NM 87549",Ojo Caliente,"Ojo Caliente, Ojo Caliente",-106.057666,36.313638,"American, International, Southwestern",40,Dollar($),No,No,No,No,3,3.6,Yellow,Good,30
17061237,Ceví_che Tapas Bar & Restaurant,216,Orlando,"125 West Church Street, Orlando, FL 32801",Church Street District,"Church Street District, Orlando",-81.381077,28.540432,"Spanish, Tapas",40,Dollar($),No,No,No,No,3,4.4,Green,Very Good,981
17057397,'Ohana,216,Orlando,"1600 Seven Seas Drive, Lake Buena Vista, FL 32830",Disney World Area,"Disney World Area, Orlando",-81.585226,28.405437,Hawaiian,45,Dollar($),No,No,No,No,3,4.5,Dark Green,Excellent,1151
17058534,Earl of Sandwich,216,Orlando,"1750 E Buena Vista Drive, Lake Buena Vista, FL 32830",Disney: Downtown Disney,"Disney: Downtown Disney, Orlando",-81.514608,28.372858,"American, Sandwich, Salad",35,Dollar($),No,No,No,No,3,4.7,Dark Green,Excellent,1341
17060320,Raglan Road Irish Pub and Restaurant,216,Orlando,"1640 E Buena Vista Drive, Lake Buena Vista, FL 32830",Disney: Downtown Disney,"Disney: Downtown Disney, Orlando",-81.517725,28.371338,Irish,50,Dollar($),No,No,No,No,4,4.3,Green,Very Good,782
17057925,Cafí© Tu Tu Tango,216,Orlando,"8625 International Drive, Orlando, FL 32819",I-Drive/Universal,"I-Drive/Universal, Orlando",-81.469986,28.440344,"New American, Tapas",40,Dollar($),No,No,No,No,3,4.6,Dark Green,Excellent,1293
17060869,Texas de Brazil,216,Orlando,"5259 International Drive, Orlando, FL 32819",I-Drive/Universal,"I-Drive/Universal, Orlando",-81.4510725,28.4676808,"Brazilian, Steak",100,Dollar($),No,No,No,No,4,4.6,Dark Green,Excellent,2324
17057591,Bahama Breeze Island Grille,216,Orlando,"8849 International Drive, Orlando, FL 32819",I-Drive/Universal,"I-Drive/Universal, Orlando",-81.471526,28.437065,Caribbean,45,Dollar($),No,No,No,No,3,4.3,Green,Very Good,910
17059541,Maggiano's Little Italy,216,Orlando,"9101 International Drive,Orlando, FL 32819",I-Drive/Universal,"I-Drive/Universal, Orlando",-81.471447,28.433235,Italian,50,Dollar($),No,No,No,No,4,4.4,Green,Very Good,886
17064266,Hawkers Asian Street Fare,216,Orlando,"1103 N Mills Avenue, Orlando, FL 32803",Mills 50,"Mills 50, Orlando",-81.364347,28.560505,"Asian, Thai",35,Dollar($),No,No,No,No,3,4.6,Dark Green,Excellent,1293
17064405,Tako Cheena by Pom Pom,216,Orlando,"932 North Mills Avenue, Orlando, FL 32803",Mills 50,"Mills 50, Orlando",-81.364547,28.557845,"Asian, Latin American, Vegetarian",10,Dollar($),No,No,No,No,1,4.4,Green,Very Good,570
17060516,Seasons 52 Fresh Grill,216,Orlando,"7700 West Sand Lake Road, Orlando, FL 32819",Restaurant Row,"Restaurant Row, Orlando",-81.487978,28.448175,American,60,Dollar($),No,No,No,No,4,4.4,Green,Very Good,1685
17059012,Hollerbach's Willow Tree Cafí©,216,Orlando,"205 East 1st Street, Sanford, FL 32771",Sanford,"Sanford, Orlando",-81.266871,28.811653,German,40,Dollar($),No,No,No,No,3,4.8,Dark Green,Excellent,1699
17061296,Pom Pom's Teahouse and Sandwicheria,216,Orlando,"67 North Bumby Avenue, Orlando, FL 32803",The Milk District,"The Milk District, Orlando",-81.351467,28.543571,"American, Sandwich, Tea",25,Dollar($),No,No,No,No,2,4.9,Dark Green,Excellent,1457
17061205,Yellow Dog Eats,216,Orlando,"1236 Hempel Avenue,Gotha, FL 34786",Windermere,"Windermere, Orlando",-81.522987,28.527592,"American, BBQ, Sandwich",35,Dollar($),No,No,No,No,3,4.9,Dark Green,Excellent,1252
17064031,Tibby's New Orleans Kitchen,216,Orlando,"2203 Aloma Avenue, Winter Park, FL 32792",Winter Park,"Winter Park, Orlando",-81.322631,28.601088,Cajun,25,Dollar($),No,No,No,No,2,4.7,Dark Green,Excellent,1412
17066603,The Coop,216,Orlando,"610 W Morse Boulevard, Winter Park, FL 32789",Winter Park,"Winter Park, Orlando",-81.357219,28.597366,"Southern, Cajun, Soul Food",25,Dollar($),No,No,No,No,2,3.6,Yellow,Good,432
17057797,Bosphorous Turkish Cuisine,216,Orlando,"108 S Park Ave, Winter Park, FL 32789",Winter Park,"Winter Park, Orlando",-81.3508344,28.5976271,"Mediterranean, Turkish",40,Dollar($),No,No,No,No,3,4.2,Green,Very Good,568
17061253,Ethos Vegan Kitchen,216,Orlando,"601-B South New York Avenue, Winter Park, FL 32789",Winter Park,"Winter Park, Orlando",-81.352921,28.592857,"American, Breakfast, Vegetarian",25,Dollar($),No,No,No,No,2,4.4,Green,Very Good,797
17059060,Hillstone,216,Orlando,"215 South Orlando Avenue, Winter Park, FL 32789",Winter Park,"Winter Park, Orlando",-81.36526,28.596682,,40,Dollar($),No,No,No,No,3,4.4,Green,Very Good,1158
17061231,The Ravenous Pig,216,Orlando,"565 W Fairbanks Avenue, Winter Park, FL 32789",Winter Park,"Winter Park, Orlando",-81.356024,28.593297,Pub Food,40,Dollar($),No,No,No,No,3,4.4,Green,Very Good,1998
16613649,Vivo Bar and Grill,14,Palm Cove,"49 Williams Esplanade, Palm Cove, QLD",Palm Cove,"Palm Cove, Palm Cove",145.670768,-16.748083,"Mediterranean, Seafood",30,Dollar($),No,No,No,No,3,4.4,Green,Very Good,381
18255631,Pier 70,14,Paynesville,"70 The Esplanade, Paynesville",Paynesville,"Paynesville, Paynesville",147.7227832,-37.9194154,Modern Australian,120,Dollar($),No,No,No,No,4,2.6,Orange,Average,16
16608483,DiVine,14,Penola,"39 Church St, Penola, SA",Penola,"Penola, Penola",140.837409,-37.379153,"Cafe, Coffee and Tea, Sandwich",20,Dollar($),No,No,No,No,2,3.4,Orange,Average,19
17580453,Cactus Flower Cafe Navarre,216,Pensacola,"8725 Ortega Park Dr, Navarre, FL 32566",Navarre,"Navarre, Pensacola",-86.8573393,30.4025979,"Mexican, Southwestern, Tex-Mex",25,Dollar($),No,No,No,No,2,4.2,Green,Very Good,635
17580142,McGuire's Irish Pub & Brewery,216,Pensacola,"600 E Gregory Street, Pensacola, FL 32502",Pensacola,"Pensacola, Pensacola",-87.2027,30.4179,"Burger, Bar Food, Steak",40,Dollar($),No,No,No,No,3,4.9,Dark Green,Excellent,2238
17580160,New Yorker Deli & Pizzeria,216,Pensacola,"3001 E Cervantes St, Pensacola, FL 32503",Pensacola,"Pensacola, Pensacola",-87.1819,30.4251,"Italian, Pizza, Sandwich",10,Dollar($),No,No,No,No,1,4.6,Dark Green,Excellent,792
17580349,Tu-Do Vietnamese Restaurant,216,Pensacola,"7130 N Davis Hwy, Pensacola, FL 32504",Pensacola,"Pensacola, Pensacola",-87.2216,30.4982,"Asian, Vietnamese",10,Dollar($),No,No,No,No,1,4.5,Dark Green,Excellent,828
17580412,Carrabba's Italian Grill,216,Pensacola,"311 N 9th Avenue, Pensacola, FL 32502",Pensacola,"Pensacola, Pensacola",-87.205855,30.417318,"Italian, Pizza, Seafood",40,Dollar($),No,No,No,No,3,3.7,Yellow,Good,292
17580590,Jaco's Bayfront Bar and Grille,216,Pensacola,"997 South Palafox, Pensacola, FL 32502",Pensacola,"Pensacola, Pensacola",-87.213274,30.403034,Tapas,25,Dollar($),No,No,No,No,2,3.9,Yellow,Good,502
17580704,The Tin Cow,216,Pensacola,"102 S Palafox Pl, Pensacola, FL",Pensacola,"Pensacola, Pensacola",-87.2150874,30.4116106,"Burger, Bar Food",25,Dollar($),No,No,No,No,2,3.7,Yellow,Good,559
17579928,Cactus Flower Cafe,216,Pensacola,"3425 N 12th Ave, Pensacola, FL 32503",Pensacola,"Pensacola, Pensacola",-87.2080932,30.4473322,"Latin American, Mexican, Southwestern",25,Dollar($),No,No,No,No,2,4.2,Green,Very Good,1268
17579992,Dharma Blue,216,Pensacola,"300 S Alcaniz Street, Pensacola, FL 32502",Pensacola,"Pensacola, Pensacola",-87.2092,30.4101,"Seafood, Sushi",40,Dollar($),No,No,No,No,3,4.1,Green,Very Good,669
17580030,Global Grill,216,Pensacola,"27 South Palafox Pl, Pensacola, FL 32501",Pensacola,"Pensacola, Pensacola",-87.2153054,30.411878,"European, International, Tapas",40,Dollar($),No,No,No,No,3,4.4,Green,Very Good,900
17580074,Ichiban,216,Pensacola,"5555 N Davis Hwy Ste I, Pensacola, FL 32503",Pensacola,"Pensacola, Pensacola",-87.2252,30.4767,"Japanese, Sushi",25,Dollar($),No,No,No,No,2,4.3,Green,Very Good,765
17580020,The Fish House,216,Pensacola,"600 S Barracks St, Pensacola, FL 32502",Pensacola,"Pensacola, Pensacola",-87.211082,30.407358,"American, Seafood, Sushi",40,Dollar($),No,No,No,No,3,4,Green,Very Good,1270
17580350,Tuscan Oven,216,Pensacola,"4801 N 9th Ave, Pensacola, FL 32503",Pensacola,"Pensacola, Pensacola",-87.214,30.4692,"Italian, Mediterranean, Pizza",25,Dollar($),No,No,No,No,2,4.1,Green,Very Good,502
17580408,Flounders Chowder House,216,Pensacola,"800 Quietwater Beach Rd, Pensacola Beach, FL 32561",Pensacola Beach,"Pensacola Beach, Pensacola",-87.143,30.3359,Seafood,40,Dollar($),No,No,No,No,3,3.9,Yellow,Good,724
17579653,Hemingway's Island Grill,216,Pensacola,"400 Quietwater Beach Rd, Pensacola Beach, FL 32561",Pensacola Beach,"Pensacola Beach, Pensacola",-87.142602,30.335521,"Caribbean, Seafood, Steak",40,Dollar($),No,No,No,No,3,3.5,Yellow,Good,479
17580476,Native Cafe,216,Pensacola,"45 A Via De Luna Dr, Pensacola Beach, FL 32561",Pensacola Beach,"Pensacola Beach, Pensacola",-87.132932,30.334776,"Breakfast, Burger",25,Dollar($),No,No,No,No,2,4.2,Green,Very Good,591
17580422,Peg Leg Pete's,216,Pensacola,"1010 Fort Pickens Rd, Pensacola Beach, FL 32561",Pensacola Beach,"Pensacola Beach, Pensacola",-87.164376,30.327864,"Burger, Sandwich, Seafood",40,Dollar($),No,No,No,No,3,4.4,Green,Very Good,1408
17580539,The Grand Marlin,216,Pensacola,"400 Pensacola Beach Boulevard, Pensacola Beach, FL 32561",Pensacola Beach,"Pensacola Beach, Pensacola",-87.149178,30.34262,"Caribbean, Seafood",40,Dollar($),No,No,No,No,3,4.3,Green,Very Good,905
17580511,Original Georgios Authentic Greek Food,216,Pensacola,"13310 Merilla Street, Pensacola, FL 32507",Perdido Key,"Perdido Key, Pensacola",-87.4218962,30.3199824,Greek,10,Dollar($),No,No,No,No,1,4.7,Dark Green,Excellent,816
17580021,Fisherman's Corner,216,Pensacola,"13486 Perdido Key Dr, Pensacola, FL 32507",Perdido Key,"Perdido Key, Pensacola",-87.427707,30.308468,"Sandwich, Seafood, Cajun",40,Dollar($),No,No,No,No,3,4.4,Green,Very Good,747
16604370,Mad Cowes Cafe,14,Phillip Island,"4/17 The Esplanade, Cowes, VIC",Phillip Island,"Phillip Island, Phillip Island",145.237813,-38.448307,"Breakfast, Coffee and Tea, Modern Australian",20,Dollar($),No,No,No,No,2,3.7,Yellow,Good,351
17582467,Rupes Burgers,216,Pocatello,"302 NE Main St, Blackfoot, ID 83221",Blackfoot,"Blackfoot, Pocatello",-112.3415,43.1903,"Burger, Fast Food",10,Dollar($),No,No,No,No,1,3.7,Yellow,Good,104
17582668,Texas Roadhouse,216,Pocatello,"560 Bullock Street, Pocatello, ID 83202",Chubbuck,"Chubbuck, Pocatello",-112.461326,42.910518,"American, BBQ, Steak",45,Dollar($),No,No,No,No,3,3.5,Yellow,Good,83
17582498,Riverwalk Cafe,216,Pocatello,"695 E Main St, Lava Hot Springs, ID 83246",Lava Hot Springs,"Lava Hot Springs, Pocatello",-112.0132,42.62,"Asian, Thai",10,Dollar($),No,No,No,No,1,3.6,Yellow,Good,91
17582499,Royal Hotel,216,Pocatello,"11 E Main St, Lava Hot Springs, ID 83246",Lava Hot Springs,"Lava Hot Springs, Pocatello",-112.0127,42.6192,"Pizza, Bar Food",0,Dollar($),No,No,No,No,1,3.6,Yellow,Good,59
17582522,Buddy's Italian Restaurant,216,Pocatello,"626 E Lewis St, Pocatello, ID 83201",Pocatello,"Pocatello, Pocatello",-112.4423,42.8661,"Italian, Pizza, Sandwich",40,Dollar($),No,No,No,No,3,3.7,Yellow,Good,222
17582524,Butterburrs,216,Pocatello,"917 Yellowstone Avenue, Pocatello, ID 83201",Pocatello,"Pocatello, Pocatello",-112.4516,42.8919,"American, Breakfast",30,Dollar($),No,No,No,No,3,3.6,Yellow,Good,121
17582527,Chang Garden,216,Pocatello,"1000 Pocatello Creek Rd Ste W2, Pocatello, ID 83201",Pocatello,"Pocatello, Pocatello",-112.441,42.8928,Chinese,10,Dollar($),No,No,No,No,1,3.5,Yellow,Good,93
17582551,Fifth Street Bagelry,216,Pocatello,"559 S 5TH Ave, Pocatello, ID 83201",Pocatello,"Pocatello, Pocatello",-112.4397,42.8631,"Coffee and Tea, Sandwich",10,Dollar($),No,No,No,No,1,3.8,Yellow,Good,136
17582558,Goody's Deli,216,Pocatello,"905 S 5th Ave, Pocatello, ID 83201",Pocatello,"Pocatello, Pocatello",-112.4365,42.8604,"Pizza, Sandwich",10,Dollar($),No,No,No,No,1,3.8,Yellow,Good,160
17582560,Grecian Key Restaurant,216,Pocatello,"314 N Main St, Pocatello, ID 83204",Pocatello,"Pocatello, Pocatello",-112.4524,42.8639,"American, Greek",25,Dollar($),No,No,No,No,2,3.7,Yellow,Good,152
17582677,Outer Limits Fun Zone,216,Pocatello,"1800 Garrett Way, Pocatello, ID 83201",Pocatello,"Pocatello, Pocatello",-112.459988,42.878077,"Burger, Pizza, Sandwich",10,Dollar($),No,No,No,No,1,3.5,Yellow,Good,57
17582670,Portneuf Valley Brewing,216,Pocatello,"615 South 1st Avenue, ID 83201",Pocatello,"Pocatello, Pocatello",-112.443213,42.860024,"American, Pizza",25,Dollar($),No,No,No,No,2,3.7,Yellow,Good,191
17582625,Sandpiper Restaurant & Lounge,216,Pocatello,"1400 Bench Rd, Pocatello, ID 83201",Pocatello,"Pocatello, Pocatello",-112.432,42.9012,"American, Seafood, Steak",40,Dollar($),No,No,No,No,3,3.6,Yellow,Good,85
17582627,Senor Iguanas,216,Pocatello,"961 Hiline Rd, Pocatello, ID 83201",Pocatello,"Pocatello, Pocatello",-112.4433,42.8942,Mexican,0,Dollar($),No,No,No,No,1,3.6,Yellow,Good,108
17582700,Sushi Family,216,Pocatello,"415 Yellowstone Ave, Pocatello, ID 83201",Pocatello,"Pocatello, Pocatello",-112.452013,42.88245,"Asian, Sushi, Vegetarian",25,Dollar($),No,No,No,No,2,3.6,Yellow,Good,132
17582664,Taste of India Nepal,216,Pocatello,"330 N Main Street, Pocatello, ID 83204",Pocatello,"Pocatello, Pocatello",-112.45253,42.863969,"Indian, International, Vegetarian",25,Dollar($),No,No,No,No,2,3.8,Yellow,Good,141
17582682,Thai Paradise,216,Pocatello,"140 S. Main, Pocatello, ID 83204",Pocatello,"Pocatello, Pocatello",-112.450106,42.861871,"Desserts, Thai",25,Dollar($),No,No,No,No,2,3.7,Yellow,Good,162
17582669,The Bridge,216,Pocatello,"815 S 1st Street, Pocatello, ID 83201",Pocatello,"Pocatello, Pocatello",-112.4413856,42.8585987,New American,40,Dollar($),No,No,No,No,3,3.6,Yellow,Good,144
18491935,Nosh Mahal,216,Pocatello,"303 E Alameda Road, ID 83201",Pocatello,"Pocatello, Pocatello",-112.44853,42.891174,"Indian, Persian",25,Dollar($),No,No,No,No,2,0,White,Not rated,1
17582546,El Herradero,216,Pocatello,"123 Jefferson Ave, Pocatello, ID 83201",Pocatello,"Pocatello, Pocatello",-112.4419,42.8774,Mexican,10,Dollar($),No,No,No,No,1,4.1,Green,Very Good,365
17629582,Barrett Junction Cafe,216,Potrero,"1020 Barrett Lake Rd, Dulzura, CA 91917",Potrero,"Potrero, Potrero",-116.704731,32.613431,"American, BBQ, Burger",25,Dollar($),No,No,No,No,2,3.3,Orange,Average,9
17211719,Blue Point Grill,216,Princeton,"258 Nassau St, Princeton, NJ 08542",Princeton,"Princeton, Princeton",-74.651139,40.352385,Seafood,70,Dollar($),No,No,No,No,4,4,Green,Very Good,542
17144717,Giovanni's Shrimp Truck,216,Rest of Hawaii,"56-505 Kamehameha Hwy, Kahuku, HI 96731",Kahuku,"Kahuku, Rest of Hawaii",-157.948486,21.677078,Seafood,25,Dollar($),No,No,No,No,2,4.5,Dark Green,Excellent,691
17143970,Kona Brewing Company,216,Rest of Hawaii,"75-5629 Kuakini Highway, Kailua Kona, HI 96740",Kailua Kona,"Kailua Kona, Rest of Hawaii",-155.997362,19.642752,"American, Pizza, Bar Food",35,Dollar($),No,No,No,No,3,4.7,Dark Green,Excellent,764
17142698,Leonard's Bakery,216,Rest of Hawaii,"933 Kapahulu Ave, Honolulu, HI 96816",Kaimuki,"Kaimuki, Rest of Hawaii",-157.813432,21.284586,,10,Dollar($),No,No,No,No,1,4.7,Dark Green,Excellent,707
17144991,Coconuts Fish Cafe,216,Rest of Hawaii,"1279 S Kihei Road, Kihei, HI 96753",Kihei,"Kihei, Rest of Hawaii",-156.455284,20.748838,Seafood,30,Dollar($),No,No,No,No,3,4.5,Dark Green,Excellent,487
17142519,Kihei Caffe,216,Rest of Hawaii,"1945 S Kihei Road, Kihei, HI 96753",Kihei,"Kihei, Rest of Hawaii",-156.451847,20.731487,"American, Hawaiian",10,Dollar($),No,No,No,No,1,4.5,Dark Green,Excellent,695
17145408,Monkeypod Kitchen by Merriman,216,Rest of Hawaii,"10 Wailea Gateway Place, Unit B-201 Kihei, Hawaii, HI 96753",Kihei,"Kihei, Rest of Hawaii",-156.4309473,20.6883746,Burger,40,Dollar($),No,No,No,No,3,4.2,Green,Very Good,485
17143336,Sansei Seafood Restaurant & Sushi Bar,216,Rest of Hawaii,"1881 S Kihei Rd, Kihei, HI 96753",Kihei,"Kihei, Rest of Hawaii",-156.452556,20.733554,"Japanese, Seafood, Sushi",40,Dollar($),No,No,No,No,3,4.2,Green,Very Good,807
17145077,Star Noodle,216,Rest of Hawaii,"286 Kupuohi St, Lahaina, HI 96761",Lahaina,"Lahaina, Rest of Hawaii",-156.674835,20.885226,Asian,10,Dollar($),No,No,No,No,1,4.6,Dark Green,Excellent,723
17141447,Aloha Mixed Plate,216,Rest of Hawaii,"1285 Front St, Lahaina, HI 96761",Lahaina,"Lahaina, Rest of Hawaii",-156.684967,20.886564,"Asian, Breakfast, Hawaiian",10,Dollar($),No,No,No,No,1,4.2,Green,Very Good,874
17142096,Gazebo,216,Rest of Hawaii,"5315 Lower Honoapiilani Rd, Lahaina, HI 96761",Lahaina,"Lahaina, Rest of Hawaii",-156.667037,20.992316,"Breakfast, Burger",25,Dollar($),No,No,No,No,2,4.4,Green,Very Good,552
17142297,Hula Grill,216,Rest of Hawaii,"2435 Kaanapali Pkwy, Lahaina, HI 96761",Lahaina,"Lahaina, Rest of Hawaii",-156.693821,20.921347,"Hawaiian, Seafood, Steak",40,Dollar($),No,No,No,No,3,4.3,Green,Very Good,1056
17142535,Kimo's,216,Rest of Hawaii,"845 Front St, Lahaina, HI 96761",Lahaina,"Lahaina, Rest of Hawaii",-156.680666,20.876127,"Hawaiian, Seafood, Steak",40,Dollar($),No,No,No,No,3,4.3,Green,Very Good,707
17142792,Mama's Fish House,216,Rest of Hawaii,"799 Poho Pl, Paia, HI 96779",Paia,"Paia, Rest of Hawaii",-156.366445,20.929622,"Hawaiian, Seafood",70,Dollar($),No,No,No,No,4,4.9,Dark Green,Excellent,1343
17145495,Marukame Udon,216,Rest of Hawaii,"2310 Kuhio Avenue, Honolulu, HI 96815",Waikiki,"Waikiki, Rest of Hawaii",-157.825979,21.279476,Japanese,10,Dollar($),No,No,No,No,1,4.9,Dark Green,Excellent,602
17143950,Yard House,216,Rest of Hawaii,"226 Lewers St, Honolulu, HI 96815",Waikiki,"Waikiki, Rest of Hawaii",-157.8312476,21.2794952,"American, Asian, Burger",40,Dollar($),No,No,No,No,3,4.6,Dark Green,Excellent,1078
17142747,Lulu's Waikiki,216,Rest of Hawaii,"2586 Kalakaua Ave, Honolulu, HI 96815",Waikiki,"Waikiki, Rest of Hawaii",-157.822716,21.271826,American,25,Dollar($),No,No,No,No,2,3.9,Yellow,Good,232
17141990,Duke's Waikiki,216,Rest of Hawaii,"2335 Kalakaua Ave, Honolulu, HI 96815",Waikiki,"Waikiki, Rest of Hawaii",-157.827196,21.277583,"Hawaiian, Seafood, Steak",70,Dollar($),No,No,No,No,4,4.4,Green,Very Good,1492
17144732,Eggs 'n Things,216,Rest of Hawaii,"343 Saratoga Road, Honolulu, HI 96815",Waikiki,"Waikiki, Rest of Hawaii",-157.831538,21.280663,Breakfast,10,Dollar($),No,No,No,No,1,4,Green,Very Good,535
17143282,Roy's,216,Rest of Hawaii,"226 Lewers St, Honolulu, HI 96815",Waikiki,"Waikiki, Rest of Hawaii",-157.831176,21.279154,"Asian, European, Seafood",70,Dollar($),No,No,No,No,4,4.2,Green,Very Good,531
17143705,Wailana Coffee House,216,Rest of Hawaii,"1860 Ala Moana Blvd, Honolulu, HI 96815",Waikiki,"Waikiki, Rest of Hawaii",-157.836031,21.285396,"American, Breakfast, Hawaiian",25,Dollar($),No,No,No,No,2,4.2,Green,Very Good,694
17615915,The Lady & Sons,216,Savannah,"102 W Congress St, Savannah, GA 31401",Savannah,"Savannah, Savannah",-81.0954,32.0804,Southern,40,Dollar($),No,No,No,No,3,3.3,Orange,Average,1201
17616487,Green Truck Pub,216,Savannah,"2430 Habersham Street, Savannah, GA 31401",Savannah,"Savannah, Savannah",-81.096647,32.052858,Burger,40,Dollar($),No,No,No,No,3,4.7,Dark Green,Excellent,906
17615924,Leopold's Ice Cream,216,Savannah,"212 E Broughton Street, Savannah, GA 31401",Savannah,"Savannah, Savannah",-81.0894,32.0785,"Desserts, Sandwich, Ice Cream",10,Dollar($),No,No,No,No,1,4.6,Dark Green,Excellent,880
17615979,Mrs. Wilkes' Dining Room,216,Savannah,"107 W Jones St, Savannah, GA 31401",Savannah,"Savannah, Savannah",-81.0955,32.0727,"American, Southern",40,Dollar($),No,No,No,No,3,4.5,Dark Green,Excellent,1014
17616266,Zunzi's,216,Savannah,"108 E York Street, Savannah, GA 31401",Savannah,"Savannah, Savannah",-81.0911,32.0775,"International, Mediterranean, Sandwich",25,Dollar($),No,No,No,No,2,4.5,Dark Green,Excellent,796
17615976,Moon River Brewing Company,216,Savannah,"21 W Bay St, Savannah, GA 31401",Savannah,"Savannah, Savannah",-81.0916,32.0809,"American, Bar Food, Sandwich",25,Dollar($),No,No,No,No,2,3.7,Yellow,Good,747
17616025,Pirates' House Restaurant,216,Savannah,"20 E Broad St, Savannah, GA 31401",Savannah,"Savannah, Savannah",-81.0844,32.0782,"American, Seafood, Steak",40,Dollar($),No,No,No,No,3,3.8,Yellow,Good,566
17615597,B. Matthew's Eatery,216,Savannah,"325 E Bay St, Savannah, GA 31401",Savannah,"Savannah, Savannah",-81.0875,32.0798,"American, Breakfast",25,Dollar($),No,No,No,No,2,4.1,Green,Very Good,683
17615740,Crystal Beer Parlor,216,Savannah,"301 W Jones St, Savannah, GA 31401",Savannah,"Savannah, Savannah",-81.0979,32.0735,"American, Bar Food",25,Dollar($),No,No,No,No,2,4.4,Green,Very Good,690
17616203,Goose Feathers Cafe and Bakery,216,Savannah,"39 Barnard St, Savannah, GA 31401",Savannah,"Savannah, Savannah",-81.0941,32.0801,"Breakfast, Vegetarian",10,Dollar($),No,No,No,No,1,4.2,Green,Very Good,680
17616590,Henry's,216,Savannah,"28 Drayton St, Savannah, GA 31401",Savannah,"Savannah, Savannah",-81.0905213,32.0794767,"American, Breakfast",10,Dollar($),No,No,No,No,1,4.1,Green,Very Good,287
17615855,Huey's On The River,216,Savannah,"115 E River St, Savannah, GA 31401",Savannah,"Savannah, Savannah",-81.0897,32.0812,"Breakfast, Cajun",40,Dollar($),No,No,No,No,3,4.1,Green,Very Good,802
17616348,J. Christopher's,216,Savannah,"122 E. Liberty, Savannah, GA 31401",Savannah,"Savannah, Savannah",-81.091482,32.074495,"Breakfast, Diner, Sandwich",25,Dollar($),No,No,No,No,2,4.3,Green,Very Good,710
17616368,Lulu's Chocolate Bar,216,Savannah,"42 MLK Jr. Blvd, Savannah, GA 31401",Savannah,"Savannah, Savannah",-81.097051,32.080742,"Coffee and Tea, Desserts",10,Dollar($),No,No,No,No,1,4.3,Green,Very Good,456
17616400,Rocks on the River,216,Savannah,"102 West Bay St., Savannah, GA 31401",Savannah,"Savannah, Savannah",-81.092484,32.081394,"Pizza, Seafood, Steak",70,Dollar($),No,No,No,No,4,4,Green,Very Good,687
17616076,SOHO South Cafe,216,Savannah,"12 W Liberty St, Savannah, GA 31401",Savannah,"Savannah, Savannah",-81.0939,32.0747,"Cafe, Sandwich, Southern",25,Dollar($),No,No,No,No,2,4.3,Green,Very Good,719
17616205,The Olde Pink House,216,Savannah,"23 Abercorn St, Savannah, GA 31401",Savannah,"Savannah, Savannah",-81.0897,32.0798,"American, Seafood, Southern",70,Dollar($),No,No,No,No,4,4.4,Green,Very Good,1803
17616222,Vic's On The River,216,Savannah,"26 E Bay St, Savannah, GA 31401",Savannah,"Savannah, Savannah",-81.0908,32.0809,American,70,Dollar($),No,No,No,No,4,4.1,Green,Very Good,558
17616295,The Crab Shack,216,Savannah,"40 Estill Hammock Rd, Tybee Island, GA 31328",Tybee Island,"Tybee Island, Savannah",-80.865909,32.011689,Seafood,40,Dollar($),No,No,No,No,3,3.8,Yellow,Good,883
17616465,Tybee Island Social Club,216,Savannah,"1311 Butler Ave, Tybee Island, GA 31328",Tybee Island,"Tybee Island, Savannah",-80.848297,31.99581,,10,Dollar($),No,No,No,No,1,3.9,Yellow,Good,309
18483372,Sky On 57,184,Singapore,"10 Bayfront Avenue, 57 Marina Bay Sands 018956","Bayfront Avenue, Downtown Core","Bayfront Avenue, Downtown Core, Singapore",103.8600048,1.2826608,"Chinese, Continental, Singaporean",300,Dollar($),No,No,No,No,4,3.4,Orange,Average,34
18484349,Cut By Wolfgang Puck,184,Singapore,"2 Bayfront Avenue, B1-71 Marina Bay Sands 018972","Bayfront Subzone, Downtown Core","Bayfront Subzone, Downtown Core, Singapore",103.8594222,1.285476931,"American, Steak",270,Dollar($),No,No,No,No,4,4,Green,Very Good,33
18496057,Restaurant Andre,184,Singapore,41 Bukit Pasoh Road 089855,"Cantonment Road, Outram","Cantonment Road, Outram, Singapore",103.8403602,1.279419756,"French, Mediterranean, European",500,Dollar($),No,No,No,No,4,3.8,Yellow,Good,33
18483389,Potato Head Folk,184,Singapore,36 Keong Saik Road 089143,"Chinatown, Outram","Chinatown, Outram, Singapore",103.8416688,1.280502991,American,80,Dollar($),No,No,No,No,4,3.1,Orange,Average,34
18483222,Jaan,184,Singapore,"2 Stamford Road, Level 70 Equinox Complex 178882","City Hall, Downtown Core","City Hall, Downtown Core, Singapore",103.8536048,1.293220698,French,430,Dollar($),No,No,No,No,4,3.8,Yellow,Good,35
18483085,Rhubarb Le Restaurant,184,Singapore,"3 Duxton Hill, Duxton 089589","Duxton Hill, Outram","Duxton Hill, Outram, Singapore",103.8430222,1.27944363,French,315,Dollar($),No,No,No,No,4,3.9,Yellow,Good,33
18484423,Al'frank Cookies,184,Singapore,12 Haji Lane 189205,"Haji Lane, Rochor","Haji Lane, Rochor, Singapore",103.859422,1.300404333,Bakery,20,Dollar($),No,No,No,No,2,4.2,Green,Very Good,29
18483714,Fratini La Trattoria,184,Singapore,"10 Greenwood Avenue, Hillcrest Park 289201","Hillcrest, Bukit Timah","Hillcrest, Bukit Timah, Singapore",103.8070809,1.331128397,Italian,100,Dollar($),No,No,No,No,4,4.1,Green,Very Good,35
18485469,Boufe Boutique Cafe,184,Singapore,"308 Tanglin Road,Phoenix Park #01-01  247974","Kay Siang Road, Tanglin","Kay Siang Road, Tanglin, Singapore",103.8146178,1.29782554,"Italian, French, Bakery, Cafe",50,Dollar($),No,No,No,No,3,3.2,Orange,Average,29
18479690,The Refinery Singapore,184,Singapore,"115 King George Avenue, #01-02 Ann Chuan Industrial Building 208561","Lavender, Kallang","Lavender, Kallang, Singapore",103.8621195,1.310668316,"American, Japanese, Singaporean",80,Dollar($),No,No,No,No,4,3.2,Orange,Average,30
18483224,Chye Seng Huat Hardware,184,Singapore,150 Tyrwhitt Road 207563,"Lavender, Kallang","Lavender, Kallang, Singapore",103.8604162,1.311550709,Cafe,40,Dollar($),No,No,No,No,3,3.7,Yellow,Good,33
18493989,Makansutra Gluttons Bay,184,Singapore,"803 Raffles Avenue, #01-15 Esplanade Mall 039802","Marina Centre, Downtown Core","Marina Centre, Downtown Core, Singapore",103.8558665,1.289761964,"Singaporean, Chinese, Seafood, Malay, Indian",30,Dollar($),No,No,No,No,3,3,Orange,Average,25
18484464,Colony,184,Singapore,"7 Raffles Avenue, Ritz-carlton Millenia Singapore 039799","Marina Centre, Downtown Core","Marina Centre, Downtown Core, Singapore",103.859955,1.2905805,"Asian, Continental, Seafood",220,Dollar($),No,No,No,No,4,3.8,Yellow,Good,30
